year,month,source,fuel_type,emissions_tons
1987,1,transport,oil,1588.61
1987,2,transport,oil,1428.29
1987,3,transport,oil,1581.16
1987,4,transport,oil,1557.4
1987,5,transport,oil,1513.35
1987,6,transport,oil,1465.69
1987,7,transport,oil,1542.77
1987,8,transport,oil,1493.17
1987,9,transport,oil,1406.57
1987,10,transport,oil,1503.36
1987,11,transport,oil,1460.19
1987,12,transport,oil,1551.44
1988,1,transport,oil,1767.64
1988,2,transport,oil,1704.75
1988,3,transport,oil,1872.79
1988,4,transport,oil,1798.04
1988,5,transport,oil,1734.7
1988,6,transport,oil,1757.52
1988,7,transport,oil,1717.99
1988,8,transport,oil,1748.65
1988,9,transport,oil,1682.44
1988,10,transport,oil,1637.48
1988,11,transport,oil,1729.29
1988,12,transport,oil,1895.82
1989,1,transport,oil,2069.27
1989,2,transport,oil,1914.9
1989,3,transport,oil,2228.95
1989,4,transport,oil,2163.71
1989,5,transport,oil,2189.01
1989,6,transport,oil,2097.96
1989,7,transport,oil,2107.53
1989,8,transport,oil,2095.09
1989,9,transport,oil,1995.35
1989,10,transport,oil,2029.26
1989,11,transport,oil,2089.01
1989,12,transport,oil,2222.37
1990,1,transport,oil,2415.54
1990,2,transport,oil,2219.57
1990,3,transport,oil,2477.71
1990,4,transport,oil,2352.33
1990,5,transport,oil,2396.02
1990,6,transport,oil,2351.43
1990,7,transport,oil,2353.07
1990,8,transport,oil,2540.02
1990,9,transport,oil,2429.25
1990,10,transport,oil,2183.88
1990,11,transport,oil,2287.4
1990,12,transport,oil,2348.23
1991,1,transport,oil,2650.84
1991,2,transport,oil,2321.37
1991,3,transport,oil,2522.32
1991,4,transport,oil,2496.3
1991,5,transport,oil,2498.86
1991,6,transport,oil,2410.31
1991,7,transport,oil,2475.9
1991,8,transport,oil,2456.54
1991,9,transport,oil,2198.19
1991,10,transport,oil,2245.9
1991,11,transport,oil,2310.31
1991,12,transport,oil,2391.25
1992,1,transport,oil,2534.59
1992,2,transport,oil,2476.01
1992,3,transport,oil,2632.69
1992,4,transport,oil,2586.91
1992,5,transport,oil,2590.61
1992,6,transport,oil,2534.79
1992,7,transport,oil,2526.81
1992,8,transport,oil,2467.68
1992,9,transport,oil,2467.49
1992,10,transport,oil,2575.59
1992,11,transport,oil,2576.95
1992,12,transport,oil,2942.36
1993,1,transport,oil,2995.46
1993,2,transport,oil,2848.88
1993,3,transport,oil,3157.08
1993,4,transport,oil,3068.95
1993,5,transport,oil,3114.44
1993,6,transport,oil,3039.28
1993,7,transport,oil,3104.99
1993,8,transport,oil,2970.64
1993,9,transport,oil,2895.95
1993,10,transport,oil,2991.49
1993,11,transport,oil,3130.75
1993,12,transport,oil,3216.48
1994,1,transport,oil,3285.76
1994,2,transport,oil,3101.77
1994,3,transport,oil,3379.19
1994,4,transport,oil,3399.84
1994,5,transport,oil,3395.45
1994,6,transport,oil,3447.65
1994,7,transport,oil,3487.98
1994,8,transport,oil,3422.44
1994,9,transport,oil,3264.2
1994,10,transport,oil,3437.4
1994,11,transport,oil,3532.99
1994,12,transport,oil,3783.85
1995,1,transport,oil,3811.96
1995,2,transport,oil,3609.37
1995,3,transport,oil,4206.0
1995,4,transport,oil,4076.03
1995,5,transport,oil,4339.78
1995,6,transport,oil,4179.12
1995,7,transport,oil,4052.13
1995,8,transport,oil,4031.14
1995,9,transport,oil,3733.44
1995,10,transport,oil,3929.05
1995,11,transport,oil,4016.43
1995,12,transport,oil,4226.35
1996,1,transport,oil,4106.11
1996,2,transport,oil,4162.28
1996,3,transport,oil,4492.43
1996,4,transport,oil,4382.35
1996,5,transport,oil,4533.31
1996,6,transport,oil,4582.55
1996,7,transport,oil,4616.21
1996,8,transport,oil,4548.5
1996,9,transport,oil,4111.58
1996,10,transport,oil,4320.59
1996,11,transport,oil,4342.81
1996,12,transport,oil,4511.93
1997,1,transport,oil,4770.96
1997,2,transport,oil,4499.02
1997,3,transport,oil,5092.68
1997,4,transport,oil,4809.06
1997,5,transport,oil,5159.52
1997,6,transport,oil,4866.08
1997,7,transport,oil,4831.29
1997,8,transport,oil,4445.37
1997,9,transport,oil,4117.5
1997,10,transport,oil,4277.02
1997,11,transport,oil,3911.27
1997,12,transport,oil,4455.35
1998,1,transport,oil,4125.59
1998,2,transport,oil,3707.48
1998,3,transport,oil,4149.66
1998,4,transport,oil,3996.22
1998,5,transport,oil,4065.48
1998,6,transport,oil,3908.11
1998,7,transport,oil,3759.2
1998,8,transport,oil,3773.06
1998,9,transport,oil,3750.21
1998,10,transport,oil,3890.28
1998,11,transport,oil,3605.32
1998,12,transport,oil,4040.21
1999,1,transport,oil,3870.18
1999,2,transport,oil,3712.16
1999,3,transport,oil,4235.21
1999,4,transport,oil,4021.25
1999,5,transport,oil,3892.15
1999,6,transport,oil,3962.27
1999,7,transport,oil,4167.62
1999,8,transport,oil,3947.43
1999,9,transport,oil,3692.86
1999,10,transport,oil,3532.15
1999,11,transport,oil,3789.57
1999,12,transport,oil,4093.7
2000,1,transport,oil,4026.16
2000,2,transport,oil,3698.44
2000,3,transport,oil,4040.75
2000,4,transport,oil,4005.59
2000,5,transport,oil,4085.74
2000,6,transport,oil,3816.79
2000,7,transport,oil,3734.97
2000,8,transport,oil,3774.7
2000,9,transport,oil,3424.12
2000,10,transport,oil,3482.68
2000,11,transport,oil,3582.67
2000,12,transport,oil,3909.72
2001,1,transport,oil,3855.61
2001,2,transport,oil,3594.66
2001,3,transport,oil,3950.53
2001,4,transport,oil,4058.6
2001,5,transport,oil,3932.39
2001,6,transport,oil,3850.98
2001,7,transport,oil,3873.54
2001,8,transport,oil,3870.79
2001,9,transport,oil,3638.59
2001,10,transport,oil,3819.91
2001,11,transport,oil,3863.46
2001,12,transport,oil,4242.27
2002,1,transport,oil,4137.83
2002,2,transport,oil,3792.31
2002,3,transport,oil,4260.35
2002,4,transport,oil,4126.17
2002,5,transport,oil,4190.52
2002,6,transport,oil,4011.77
2002,7,transport,oil,4141.23
2002,8,transport,oil,4193.99
2002,9,transport,oil,3771.51
2002,10,transport,oil,3979.65
2002,11,transport,oil,4182.27
2002,12,transport,oil,4466.17
2003,1,transport,oil,4525.76
2003,2,transport,oil,4021.99
2003,3,transport,oil,4543.28
2003,4,transport,oil,4381.38
2003,5,transport,oil,4507.51
2003,6,transport,oil,4353.25
2003,7,transport,oil,4387.7
2003,8,transport,oil,4305.52
2003,9,transport,oil,4187.91
2003,10,transport,oil,4316.85
2003,11,transport,oil,4556.79
2003,12,transport,oil,4935.79
2004,1,transport,oil,4656.9
2004,2,transport,oil,4566.9
2004,3,transport,oil,4913.3
2004,4,transport,oil,4694.56
2004,5,transport,oil,4822.04
2004,6,transport,oil,4485.59
2004,7,transport,oil,4617.84
2004,8,transport,oil,4556.69
2004,9,transport,oil,4457.43
2004,10,transport,oil,4810.21
2004,11,transport,oil,4845.49
2004,12,transport,oil,5074.71
2005,1,transport,oil,5004.95
2005,2,transport,oil,4957.74
2005,3,transport,oil,5206.51
2005,4,transport,oil,4970.15
2005,5,transport,oil,5197.42
2005,6,transport,oil,5008.72
2005,7,transport,oil,4388.55
2005,8,transport,oil,4697.58
2005,9,transport,oil,4284.09
2005,10,transport,oil,4333.75
2005,11,transport,oil,4497.11
2005,12,transport,oil,4865.24
2006,1,transport,oil,4714.48
2006,2,transport,oil,4410.14
2006,3,transport,oil,5001.54
2006,4,transport,oil,4613.96
2006,5,transport,oil,4751.66
2006,6,transport,oil,4410.7
2006,7,transport,oil,4373.69
2006,8,transport,oil,4373.89
2006,9,transport,oil,4220.86
2006,10,transport,oil,4396.54
2006,11,transport,oil,4607.15
2006,12,transport,oil,4756.2
2007,1,transport,oil,4759.06
2007,2,transport,oil,4374.46
2007,3,transport,oil,4953.78
2007,4,transport,oil,4604.31
2007,5,transport,oil,4579.63
2007,6,transport,oil,4637.88
2007,7,transport,oil,4479.99
2007,8,transport,oil,4650.0
2007,9,transport,oil,4322.87
2007,10,transport,oil,4505.76
2007,11,transport,oil,4498.5
2007,12,transport,oil,4708.54
2008,1,transport,oil,4662.45
2008,2,transport,oil,4337.72
2008,3,transport,oil,4716.04
2008,4,transport,oil,4531.41
2008,5,transport,oil,4377.83
2008,6,transport,oil,3948.93
2008,7,transport,oil,3740.76
2008,8,transport,oil,3940.42
2008,9,transport,oil,3805.23
2008,10,transport,oil,4116.66
2008,11,transport,oil,4079.6
2008,12,transport,oil,4646.86
2009,1,transport,oil,4848.9
2009,2,transport,oil,4116.44
2009,3,transport,oil,4679.24
2009,4,transport,oil,4522.58
2009,5,transport,oil,4710.14
2009,6,transport,oil,4242.91
2009,7,transport,oil,4345.31
2009,8,transport,oil,4282.1
2009,9,transport,oil,4126.75
2009,10,transport,oil,4339.24
2009,11,transport,oil,4277.04
2009,12,transport,oil,4874.15
2010,1,transport,oil,4498.69
2010,2,transport,oil,4419.97
2010,3,transport,oil,4775.24
2010,4,transport,oil,4445.46
2010,5,transport,oil,4513.58
2010,6,transport,oil,4400.5
2010,7,transport,oil,4457.18
2010,8,transport,oil,4276.07
2010,9,transport,oil,4195.78
2010,10,transport,oil,4273.77
2010,11,transport,oil,4576.5
2010,12,transport,oil,4803.72
2011,1,transport,oil,4618.5
2011,2,transport,oil,4290.95
2011,3,transport,oil,4792.54
2011,4,transport,oil,4658.34
2011,5,transport,oil,4717.23
2011,6,transport,oil,4579.4
2011,7,transport,oil,4382.93
2011,8,transport,oil,4455.1
2011,9,transport,oil,4317.14
2011,10,transport,oil,4243.6
2011,11,transport,oil,4318.44
2011,12,transport,oil,4966.34
2012,1,transport,oil,4570.87
2012,2,transport,oil,4518.19
2012,3,transport,oil,4834.59
2012,4,transport,oil,4548.07
2012,5,transport,oil,4750.7
2012,6,transport,oil,4552.42
2012,7,transport,oil,4470.29
2012,8,transport,oil,4491.86
2012,9,transport,oil,4230.35
2012,10,transport,oil,4529.24
2012,11,transport,oil,4714.37
2012,12,transport,oil,4968.19
2013,1,transport,oil,4511.52
2013,2,transport,oil,4118.24
2013,3,transport,oil,4644.27
2013,4,transport,oil,4371.16
2013,5,transport,oil,4624.31
2013,6,transport,oil,4203.55
2013,7,transport,oil,4284.12
2013,8,transport,oil,4186.02
2013,9,transport,oil,3876.44
2013,10,transport,oil,4175.08
2013,11,transport,oil,4302.4
2013,12,transport,oil,4479.17
2014,1,transport,oil,4142.57
2014,2,transport,oil,3834.03
2014,3,transport,oil,4245.63
2014,4,transport,oil,4119.44
2014,5,transport,oil,4271.01
2014,6,transport,oil,3904.76
2014,7,transport,oil,4013.57
2014,8,transport,oil,3963.93
2014,9,transport,oil,3846.65
2014,10,transport,oil,3975.45
2014,11,transport,oil,4022.21
2014,12,transport,oil,4442.9
2015,1,transport,oil,4584.4
2015,2,transport,oil,4312.25
2015,3,transport,oil,4695.88
2015,4,transport,oil,4578.69
2015,5,transport,oil,4688.74
2015,6,transport,oil,4455.24
2015,7,transport,oil,4562.78
2015,8,transport,oil,4516.81
2015,9,transport,oil,4270.98
2015,10,transport,oil,4512.18
2015,11,transport,oil,4604.77
2015,12,transport,oil,5043.6
2016,1,transport,oil,5047.27
2016,2,transport,oil,4988.42
2016,3,transport,oil,5260.33
2016,4,transport,oil,5047.25
2016,5,transport,oil,5204.13
2016,6,transport,oil,4889.38
2016,7,transport,oil,4874.38
2016,8,transport,oil,5019.98
2016,9,transport,oil,4760.98
2016,10,transport,oil,4752.54
2016,11,transport,oil,5057.71
2016,12,transport,oil,5403.9
2017,1,transport,oil,5626.37
2017,2,transport,oil,5447.02
2017,3,transport,oil,6118.52
2017,4,transport,oil,5592.67
2017,5,transport,oil,5875.06
2017,6,transport,oil,5756.9
2017,7,transport,oil,5597.31
2017,8,transport,oil,5669.84
2017,9,transport,oil,5512.61
2017,10,transport,oil,5474.73
2017,11,transport,oil,5687.19
2017,12,transport,oil,6117.8
2018,1,transport,oil,6004.22
2018,2,transport,oil,5736.24
2018,3,transport,oil,6357.26
2018,4,transport,oil,5928.33
2018,5,transport,oil,5943.51
2018,6,transport,oil,5762.94
2018,7,transport,oil,5641.97
2018,8,transport,oil,5799.87
2018,9,transport,oil,5360.33
2018,10,transport,oil,5711.94
2018,11,transport,oil,5926.23
2018,12,transport,oil,6329.03
2019,1,transport,oil,6247.87
2019,2,transport,oil,5780.31
2019,3,transport,oil,6424.86
2019,4,transport,oil,6092.0
2019,5,transport,oil,6208.97
2019,6,transport,oil,5937.6
2019,7,transport,oil,6039.26
2019,8,transport,oil,5914.75
2019,9,transport,oil,5544.99
2019,10,transport,oil,6018.19
2019,11,transport,oil,6059.41
2019,12,transport,oil,6289.01
2020,1,transport,oil,6259.42
2020,2,transport,oil,5887.56
2020,3,transport,oil,6091.05
2020,4,transport,oil,5186.49
2020,5,transport,oil,5777.98
2020,6,transport,oil,5722.02
2020,7,transport,oil,6102.24
2020,8,transport,oil,5980.5
2020,9,transport,oil,5920.29
2020,10,transport,oil,5680.79
2020,11,transport,oil,6060.25
2020,12,transport,oil,6249.63
2021,1,transport,oil,5445.19
2021,2,transport,oil,5657.75
2021,3,transport,oil,6445.38
2021,4,transport,oil,5683.56
2021,5,transport,oil,5361.53
2021,6,transport,oil,5387.74
2021,7,transport,oil,4887.22
2021,8,transport,oil,4799.57
2021,9,transport,oil,4865.67
2021,10,transport,oil,5397.63
2021,11,transport,oil,6128.67
2021,12,transport,oil,6816.78
2022,1,transport,oil,6689.91
2022,2,transport,oil,6136.29
2022,3,transport,oil,6480.01
2022,4,transport,oil,6712.67
2022,5,transport,oil,6326.18
2022,6,transport,oil,6172.97
2022,7,transport,oil,5948.11
2022,8,transport,oil,6276.48
2022,9,transport,oil,6147.11
2022,10,transport,oil,6354.09
2022,11,transport,oil,6654.37
2022,12,transport,oil,7076.27
1987,1,industry,oil,531.26
1987,2,industry,oil,408.65
1987,3,industry,oil,444.82
1987,4,industry,oil,433.29
1987,5,industry,oil,495.61
1987,6,industry,oil,461.24
1987,7,industry,oil,460.96
1987,8,industry,oil,431.23
1987,9,industry,oil,470.47
1987,10,industry,oil,439.05
1987,11,industry,oil,422.36
1987,12,industry,oil,458.19
1988,1,industry,oil,423.82
1988,2,industry,oil,383.89
1988,3,industry,oil,448.03
1988,4,industry,oil,451.83
1988,5,industry,oil,502.24
1988,6,industry,oil,468.55
1988,7,industry,oil,472.82
1988,8,industry,oil,508.74
1988,9,industry,oil,536.37
1988,10,industry,oil,524.89
1988,11,industry,oil,501.64
1988,12,industry,oil,455.79
1989,1,industry,oil,574.71
1989,2,industry,oil,462.64
1989,3,industry,oil,529.67
1989,4,industry,oil,519.48
1989,5,industry,oil,518.86
1989,6,industry,oil,587.31
1989,7,industry,oil,548.19
1989,8,industry,oil,588.52
1989,9,industry,oil,532.45
1989,10,industry,oil,614.86
1989,11,industry,oil,676.0
1989,12,industry,oil,630.59
1990,1,industry,oil,597.3
1990,2,industry,oil,600.82
1990,3,industry,oil,674.55
1990,4,industry,oil,598.66
1990,5,industry,oil,634.84
1990,6,industry,oil,689.69
1990,7,industry,oil,710.39
1990,8,industry,oil,780.93
1990,9,industry,oil,671.41
1990,10,industry,oil,660.01
1990,11,industry,oil,658.46
1990,12,industry,oil,654.64
1991,1,industry,oil,749.08
1991,2,industry,oil,614.94
1991,3,industry,oil,691.5
1991,4,industry,oil,695.56
1991,5,industry,oil,719.5
1991,6,industry,oil,656.27
1991,7,industry,oil,759.67
1991,8,industry,oil,748.58
1991,9,industry,oil,764.71
1991,10,industry,oil,769.04
1991,11,industry,oil,688.66
1991,12,industry,oil,793.39
1992,1,industry,oil,836.06
1992,2,industry,oil,788.41
1992,3,industry,oil,929.94
1992,4,industry,oil,894.91
1992,5,industry,oil,914.75
1992,6,industry,oil,935.69
1992,7,industry,oil,864.43
1992,8,industry,oil,852.69
1992,9,industry,oil,842.32
1992,10,industry,oil,835.68
1992,11,industry,oil,855.85
1992,12,industry,oil,848.67
1993,1,industry,oil,881.18
1993,2,industry,oil,847.86
1993,3,industry,oil,992.48
1993,4,industry,oil,936.18
1993,5,industry,oil,972.95
1993,6,industry,oil,925.43
1993,7,industry,oil,928.43
1993,8,industry,oil,928.4
1993,9,industry,oil,887.81
1993,10,industry,oil,995.51
1993,11,industry,oil,995.5
1993,12,industry,oil,964.63
1994,1,industry,oil,975.21
1994,2,industry,oil,909.89
1994,3,industry,oil,998.66
1994,4,industry,oil,948.04
1994,5,industry,oil,1080.09
1994,6,industry,oil,997.56
1994,7,industry,oil,968.98
1994,8,industry,oil,974.71
1994,9,industry,oil,993.65
1994,10,industry,oil,1022.36
1994,11,industry,oil,1037.15
1994,12,industry,oil,1063.33
1995,1,industry,oil,1082.92
1995,2,industry,oil,1068.71
1995,3,industry,oil,1273.38
1995,4,industry,oil,1081.6
1995,5,industry,oil,1255.04
1995,6,industry,oil,1167.34
1995,7,industry,oil,1078.79
1995,8,industry,oil,1023.35
1995,9,industry,oil,1009.18
1995,10,industry,oil,1150.7
1995,11,industry,oil,1156.36
1995,12,industry,oil,1164.41
1996,1,industry,oil,1205.77
1996,2,industry,oil,1200.31
1996,3,industry,oil,1362.24
1996,4,industry,oil,1216.7
1996,5,industry,oil,1295.78
1996,6,industry,oil,1182.99
1996,7,industry,oil,1188.91
1996,8,industry,oil,1205.57
1996,9,industry,oil,1204.04
1996,10,industry,oil,1149.0
1996,11,industry,oil,1030.81
1996,12,industry,oil,1033.47
1997,1,industry,oil,1054.16
1997,2,industry,oil,934.5
1997,3,industry,oil,1175.0
1997,4,industry,oil,1118.33
1997,5,industry,oil,1245.49
1997,6,industry,oil,1200.01
1997,7,industry,oil,1154.35
1997,8,industry,oil,1076.71
1997,9,industry,oil,1033.71
1997,10,industry,oil,1028.31
1997,11,industry,oil,981.66
1997,12,industry,oil,910.58
1998,1,industry,oil,910.44
1998,2,industry,oil,852.82
1998,3,industry,oil,1082.65
1998,4,industry,oil,1062.08
1998,5,industry,oil,1164.65
1998,6,industry,oil,1100.63
1998,7,industry,oil,1035.28
1998,8,industry,oil,942.61
1998,9,industry,oil,925.72
1998,10,industry,oil,875.83
1998,11,industry,oil,884.22
1998,12,industry,oil,877.7
1999,1,industry,oil,877.02
1999,2,industry,oil,847.33
1999,3,industry,oil,1084.08
1999,4,industry,oil,937.44
1999,5,industry,oil,1142.32
1999,6,industry,oil,1102.48
1999,7,industry,oil,1060.17
1999,8,industry,oil,1074.99
1999,9,industry,oil,1014.17
1999,10,industry,oil,1007.25
1999,11,industry,oil,875.68
1999,12,industry,oil,878.77
2000,1,industry,oil,1168.06
2000,2,industry,oil,1145.58
2000,3,industry,oil,1185.47
2000,4,industry,oil,1060.77
2000,5,industry,oil,1194.58
2000,6,industry,oil,1148.14
2000,7,industry,oil,1066.19
2000,8,industry,oil,1034.75
2000,9,industry,oil,987.9
2000,10,industry,oil,971.31
2000,11,industry,oil,893.23
2000,12,industry,oil,816.01
2001,1,industry,oil,1044.69
2001,2,industry,oil,974.69
2001,3,industry,oil,1112.55
2001,4,industry,oil,1031.32
2001,5,industry,oil,1110.88
2001,6,industry,oil,1049.93
2001,7,industry,oil,988.86
2001,8,industry,oil,1028.38
2001,9,industry,oil,987.53
2001,10,industry,oil,1011.97
2001,11,industry,oil,1010.42
2001,12,industry,oil,1033.49
2002,1,industry,oil,1048.51
2002,2,industry,oil,946.68
2002,3,industry,oil,1106.93
2002,4,industry,oil,1126.53
2002,5,industry,oil,1189.68
2002,6,industry,oil,1110.27
2002,7,industry,oil,1093.67
2002,8,industry,oil,1140.1
2002,9,industry,oil,1037.23
2002,10,industry,oil,1037.96
2002,11,industry,oil,1058.95
2002,12,industry,oil,1020.23
2003,1,industry,oil,1028.37
2003,2,industry,oil,956.83
2003,3,industry,oil,1047.88
2003,4,industry,oil,971.74
2003,5,industry,oil,1088.25
2003,6,industry,oil,1063.86
2003,7,industry,oil,1111.79
2003,8,industry,oil,1090.17
2003,9,industry,oil,1129.73
2003,10,industry,oil,1183.48
2003,11,industry,oil,1157.75
2003,12,industry,oil,1093.21
2004,1,industry,oil,1019.73
2004,2,industry,oil,1050.09
2004,3,industry,oil,1309.94
2004,4,industry,oil,1145.89
2004,5,industry,oil,1185.2
2004,6,industry,oil,1091.27
2004,7,industry,oil,1152.52
2004,8,industry,oil,1072.8
2004,9,industry,oil,1024.74
2004,10,industry,oil,1095.25
2004,11,industry,oil,1090.42
2004,12,industry,oil,1039.37
2005,1,industry,oil,839.38
2005,2,industry,oil,892.34
2005,3,industry,oil,1048.2
2005,4,industry,oil,1011.41
2005,5,industry,oil,1060.92
2005,6,industry,oil,960.01
2005,7,industry,oil,975.42
2005,8,industry,oil,929.66
2005,9,industry,oil,989.25
2005,10,industry,oil,1012.93
2005,11,industry,oil,836.9
2005,12,industry,oil,881.42
2006,1,industry,oil,840.78
2006,2,industry,oil,959.45
2006,3,industry,oil,988.01
2006,4,industry,oil,895.16
2006,5,industry,oil,899.17
2006,6,industry,oil,984.16
2006,7,industry,oil,908.76
2006,8,industry,oil,834.92
2006,9,industry,oil,721.26
2006,10,industry,oil,681.59
2006,11,industry,oil,673.76
2006,12,industry,oil,702.02
2007,1,industry,oil,765.98
2007,2,industry,oil,759.17
2007,3,industry,oil,860.89
2007,4,industry,oil,821.49
2007,5,industry,oil,794.05
2007,6,industry,oil,805.14
2007,7,industry,oil,732.16
2007,8,industry,oil,751.52
2007,9,industry,oil,823.22
2007,10,industry,oil,889.44
2007,11,industry,oil,767.99
2007,12,industry,oil,797.23
2008,1,industry,oil,769.38
2008,2,industry,oil,706.36
2008,3,industry,oil,848.89
2008,4,industry,oil,926.14
2008,5,industry,oil,757.14
2008,6,industry,oil,681.39
2008,7,industry,oil,726.25
2008,8,industry,oil,746.31
2008,9,industry,oil,695.71
2008,10,industry,oil,709.24
2008,11,industry,oil,659.47
2008,12,industry,oil,689.13
2009,1,industry,oil,690.53
2009,2,industry,oil,627.41
2009,3,industry,oil,671.14
2009,4,industry,oil,632.88
2009,5,industry,oil,671.52
2009,6,industry,oil,640.96
2009,7,industry,oil,646.39
2009,8,industry,oil,652.27
2009,9,industry,oil,643.44
2009,10,industry,oil,735.6
2009,11,industry,oil,646.71
2009,12,industry,oil,737.23
2010,1,industry,oil,620.4
2010,2,industry,oil,617.01
2010,3,industry,oil,721.15
2010,4,industry,oil,620.86
2010,5,industry,oil,630.54
2010,6,industry,oil,600.55
2010,7,industry,oil,663.6
2010,8,industry,oil,613.97
2010,9,industry,oil,583.77
2010,10,industry,oil,588.82
2010,11,industry,oil,625.1
2010,12,industry,oil,640.52
2011,1,industry,oil,692.68
2011,2,industry,oil,686.4
2011,3,industry,oil,740.97
2011,4,industry,oil,713.34
2011,5,industry,oil,728.43
2011,6,industry,oil,775.6
2011,7,industry,oil,855.01
2011,8,industry,oil,785.02
2011,9,industry,oil,783.16
2011,10,industry,oil,732.88
2011,11,industry,oil,647.53
2011,12,industry,oil,781.57
2012,1,industry,oil,882.47
2012,2,industry,oil,839.54
2012,3,industry,oil,871.77
2012,4,industry,oil,929.04
2012,5,industry,oil,1080.22
2012,6,industry,oil,900.41
2012,7,industry,oil,887.26
2012,8,industry,oil,857.85
2012,9,industry,oil,799.9
2012,10,industry,oil,861.55
2012,11,industry,oil,850.2
2012,12,industry,oil,857.5
2013,1,industry,oil,916.72
2013,2,industry,oil,965.44
2013,3,industry,oil,1109.98
2013,4,industry,oil,1143.5
2013,5,industry,oil,1047.47
2013,6,industry,oil,992.76
2013,7,industry,oil,1056.67
2013,8,industry,oil,1062.4
2013,9,industry,oil,982.82
2013,10,industry,oil,1016.44
2013,11,industry,oil,1023.21
2013,12,industry,oil,1085.24
2014,1,industry,oil,1073.96
2014,2,industry,oil,938.09
2014,3,industry,oil,1070.71
2014,4,industry,oil,1045.68
2014,5,industry,oil,1069.2
2014,6,industry,oil,1018.1
2014,7,industry,oil,1030.16
2014,8,industry,oil,1013.58
2014,9,industry,oil,988.88
2014,10,industry,oil,1019.71
2014,11,industry,oil,985.47
2014,12,industry,oil,1058.56
2015,1,industry,oil,994.3
2015,2,industry,oil,922.62
2015,3,industry,oil,1000.04
2015,4,industry,oil,1069.3
2015,5,industry,oil,999.17
2015,6,industry,oil,947.5
2015,7,industry,oil,949.32
2015,8,industry,oil,945.4
2015,9,industry,oil,903.73
2015,10,industry,oil,950.57
2015,11,industry,oil,954.59
2015,12,industry,oil,1026.16
2016,1,industry,oil,1925.87
2016,2,industry,oil,1852.34
2016,3,industry,oil,1993.51
2016,4,industry,oil,1891.55
2016,5,industry,oil,1942.18
2016,6,industry,oil,1811.35
2016,7,industry,oil,1782.34
2016,8,industry,oil,1791.37
2016,9,industry,oil,1707.48
2016,10,industry,oil,1707.03
2016,11,industry,oil,1822.75
2016,12,industry,oil,1965.08
2017,1,industry,oil,1475.19
2017,2,industry,oil,1421.1
2017,3,industry,oil,1605.17
2017,4,industry,oil,1434.87
2017,5,industry,oil,1494.9
2017,6,industry,oil,1465.03
2017,7,industry,oil,1417.01
2017,8,industry,oil,1423.33
2017,9,industry,oil,1384.8
2017,10,industry,oil,1360.34
2017,11,industry,oil,1438.33
2017,12,industry,oil,1530.58
2018,1,industry,oil,1379.69
2018,2,industry,oil,1296.23
2018,3,industry,oil,1434.6
2018,4,industry,oil,1312.19
2018,5,industry,oil,1338.04
2018,6,industry,oil,1278.76
2018,7,industry,oil,1260.25
2018,8,industry,oil,1303.04
2018,9,industry,oil,1217.79
2018,10,industry,oil,1275.06
2018,11,industry,oil,1315.45
2018,12,industry,oil,1394.76
2019,1,industry,oil,1334.94
2019,2,industry,oil,1224.7
2019,3,industry,oil,1360.93
2019,4,industry,oil,1280.61
2019,5,industry,oil,1308.87
2019,6,industry,oil,1241.61
2019,7,industry,oil,1268.61
2019,8,industry,oil,1238.12
2019,9,industry,oil,1156.44
2019,10,industry,oil,1209.86
2019,11,industry,oil,1225.32
2019,12,industry,oil,1252.47
2020,1,industry,oil,1058.64
2020,2,industry,oil,986.29
2020,3,industry,oil,1028.69
2020,4,industry,oil,863.98
2020,5,industry,oil,976.97
2020,6,industry,oil,945.84
2020,7,industry,oil,1013.12
2020,8,industry,oil,1016.23
2020,9,industry,oil,976.77
2020,10,industry,oil,952.36
2020,11,industry,oil,1011.78
2020,12,industry,oil,1043.48
2021,1,industry,oil,865.2
2021,2,industry,oil,909.42
2021,3,industry,oil,1020.36
2021,4,industry,oil,901.5
2021,5,industry,oil,875.01
2021,6,industry,oil,860.79
2021,7,industry,oil,803.11
2021,8,industry,oil,807.21
2021,9,industry,oil,793.26
2021,10,industry,oil,926.48
2021,11,industry,oil,1024.77
2021,12,industry,oil,1139.22
2022,1,industry,oil,1079.66
2022,2,industry,oil,988.74
2022,3,industry,oil,1069.39
2022,4,industry,oil,1061.33
2022,5,industry,oil,1063.73
2022,6,industry,oil,1025.91
2022,7,industry,oil,976.3
2022,8,industry,oil,1041.7
2022,9,industry,oil,996.27
2022,10,industry,oil,1053.18
2022,11,industry,oil,1075.07
2022,12,industry,oil,1126.34
1987,1,other,oil,587.72
1987,2,other,oil,535.58
1987,3,other,oil,584.31
1987,4,other,oil,565.79
1987,5,other,oil,563.24
1987,6,other,oil,547.36
1987,7,other,oil,573.08
1987,8,other,oil,561.04
1987,9,other,oil,536.44
1987,10,other,oil,562.94
1987,11,other,oil,550.84
1987,12,other,oil,598.06
1988,1,other,oil,612.46
1988,2,other,oil,585.51
1988,3,other,oil,644.01
1988,4,other,oil,610.45
1988,5,other,oil,608.08
1988,6,other,oil,614.14
1988,7,other,oil,598.88
1988,8,other,oil,617.01
1988,9,other,oil,599.55
1988,10,other,oil,586.19
1988,11,other,oil,615.34
1988,12,other,oil,672.04
1989,1,other,oil,672.91
1989,2,other,oil,617.2
1989,3,other,oil,713.53
1989,4,other,oil,683.78
1989,5,other,oil,702.96
1989,6,other,oil,672.7
1989,7,other,oil,679.24
1989,8,other,oil,686.06
1989,9,other,oil,651.62
1989,10,other,oil,660.1
1989,11,other,oil,677.89
1989,12,other,oil,726.54
1990,1,other,oil,744.42
1990,2,other,oil,695.58
1990,3,other,oil,766.36
1990,4,other,oil,710.96
1990,5,other,oil,742.17
1990,6,other,oil,731.84
1990,7,other,oil,743.06
1990,8,other,oil,800.38
1990,9,other,oil,760.76
1990,10,other,oil,685.23
1990,11,other,oil,717.91
1990,12,other,oil,739.78
1991,1,other,oil,830.3
1991,2,other,oil,721.49
1991,3,other,oil,781.45
1991,4,other,oil,760.36
1991,5,other,oil,778.37
1991,6,other,oil,741.18
1991,7,other,oil,763.19
1991,8,other,oil,757.37
1991,9,other,oil,685.95
1991,10,other,oil,695.7
1991,11,other,oil,709.93
1991,12,other,oil,740.24
1992,1,other,oil,793.97
1992,2,other,oil,762.21
1992,3,other,oil,801.78
1992,4,other,oil,766.36
1992,5,other,oil,778.52
1992,6,other,oil,772.68
1992,7,other,oil,772.44
1992,8,other,oil,764.68
1992,9,other,oil,760.83
1992,10,other,oil,789.77
1992,11,other,oil,801.49
1992,12,other,oil,911.0
1993,1,other,oil,726.02
1993,2,other,oil,699.68
1993,3,other,oil,758.03
1993,4,other,oil,718.31
1993,5,other,oil,733.99
1993,6,other,oil,722.66
1993,7,other,oil,738.2
1993,8,other,oil,715.53
1993,9,other,oil,709.12
1993,10,other,oil,728.27
1993,11,other,oil,754.69
1993,12,other,oil,784.86
1994,1,other,oil,771.6
1994,2,other,oil,717.44
1994,3,other,oil,781.92
1994,4,other,oil,756.04
1994,5,other,oil,780.43
1994,6,other,oil,785.99
1994,7,other,oil,798.64
1994,8,other,oil,799.11
1994,9,other,oil,771.42
1994,10,other,oil,801.22
1994,11,other,oil,818.11
1994,12,other,oil,867.85
1995,1,other,oil,760.43
1995,2,other,oil,716.01
1995,3,other,oil,812.53
1995,4,other,oil,759.62
1995,5,other,oil,831.29
1995,6,other,oil,803.12
1995,7,other,oil,788.28
1995,8,other,oil,802.66
1995,9,other,oil,744.1
1995,10,other,oil,785.93
1995,11,other,oil,798.69
1995,12,other,oil,833.44
1996,1,other,oil,861.8
1996,2,other,oil,851.97
1996,3,other,oil,900.62
1996,4,other,oil,862.28
1996,5,other,oil,914.16
1996,6,other,oil,910.11
1996,7,other,oil,933.6
1996,8,other,oil,933.82
1996,9,other,oil,861.31
1996,10,other,oil,897.87
1996,11,other,oil,886.76
1996,12,other,oil,929.76
1997,1,other,oil,961.5
1997,2,other,oil,871.02
1997,3,other,oil,980.51
1997,4,other,oil,925.6
1997,5,other,oil,992.73
1997,6,other,oil,940.38
1997,7,other,oil,949.5
1997,8,other,oil,906.55
1997,9,other,oil,861.85
1997,10,other,oil,836.91
1997,11,other,oil,776.98
1997,12,other,oil,859.18
1998,1,other,oil,1122.92
1998,2,other,oil,1011.54
1998,3,other,oil,1139.56
1998,4,other,oil,1074.76
1998,5,other,oil,1107.27
1998,6,other,oil,1073.28
1998,7,other,oil,1047.75
1998,8,other,oil,1046.7
1998,9,other,oil,1045.94
1998,10,other,oil,1079.65
1998,11,other,oil,1015.18
1998,12,other,oil,1129.63
1999,1,other,oil,1127.82
1999,2,other,oil,1075.7
1999,3,other,oil,1212.05
1999,4,other,oil,1136.85
1999,5,other,oil,1138.05
1999,6,other,oil,1159.45
1999,7,other,oil,1213.15
1999,8,other,oil,1176.05
1999,9,other,oil,1110.79
1999,10,other,oil,1068.17
1999,11,other,oil,1129.98
1999,12,other,oil,1235.12
2000,1,other,oil,1158.1
2000,2,other,oil,1083.81
2000,3,other,oil,1171.93
2000,4,other,oil,1127.83
2000,5,other,oil,1195.22
2000,6,other,oil,1113.33
2000,7,other,oil,1105.5
2000,8,other,oil,1158.69
2000,9,other,oil,1050.02
2000,10,other,oil,1058.66
2000,11,other,oil,1102.75
2000,12,other,oil,1176.59
2001,1,other,oil,1159.4
2001,2,other,oil,1082.75
2001,3,other,oil,1178.43
2001,4,other,oil,1164.26
2001,5,other,oil,1173.53
2001,6,other,oil,1146.99
2001,7,other,oil,1156.69
2001,8,other,oil,1163.29
2001,9,other,oil,1092.89
2001,10,other,oil,1128.55
2001,11,other,oil,1147.54
2001,12,other,oil,1251.36
2002,1,other,oil,1241.81
2002,2,other,oil,1127.69
2002,3,other,oil,1255.12
2002,4,other,oil,1201.41
2002,5,other,oil,1245.31
2002,6,other,oil,1184.51
2002,7,other,oil,1250.66
2002,8,other,oil,1270.96
2002,9,other,oil,1141.65
2002,10,other,oil,1199.47
2002,11,other,oil,1216.89
2002,12,other,oil,1287.63
2003,1,other,oil,1338.33
2003,2,other,oil,1172.44
2003,3,other,oil,1322.21
2003,4,other,oil,1261.2
2003,5,other,oil,1316.34
2003,6,other,oil,1274.59
2003,7,other,oil,1294.58
2003,8,other,oil,1299.26
2003,9,other,oil,1256.46
2003,10,other,oil,1286.97
2003,11,other,oil,1322.49
2003,12,other,oil,1455.53
2004,1,other,oil,1344.6
2004,2,other,oil,1317.27
2004,3,other,oil,1400.52
2004,4,other,oil,1301.49
2004,5,other,oil,1358.29
2004,6,other,oil,1292.71
2004,7,other,oil,1327.28
2004,8,other,oil,1347.7
2004,9,other,oil,1327.29
2004,10,other,oil,1420.21
2004,11,other,oil,1433.02
2004,12,other,oil,1506.62
2005,1,other,oil,1341.27
2005,2,other,oil,1289.23
2005,3,other,oil,1405.57
2005,4,other,oil,1309.89
2005,5,other,oil,1378.4
2005,6,other,oil,1335.35
2005,7,other,oil,1217.43
2005,8,other,oil,1291.77
2005,9,other,oil,1169.44
2005,10,other,oil,1192.8
2005,11,other,oil,1219.43
2005,12,other,oil,1331.29
2006,1,other,oil,1382.67
2006,2,other,oil,1302.31
2006,3,other,oil,1455.66
2006,4,other,oil,1333.99
2006,5,other,oil,1408.06
2006,6,other,oil,1315.31
2006,7,other,oil,1314.78
2006,8,other,oil,1338.66
2006,9,other,oil,1272.68
2006,10,other,oil,1313.99
2006,11,other,oil,1367.29
2006,12,other,oil,1423.3
2007,1,other,oil,1466.3
2007,2,other,oil,1341.62
2007,3,other,oil,1502.1
2007,4,other,oil,1385.21
2007,5,other,oil,1406.7
2007,6,other,oil,1408.2
2007,7,other,oil,1380.38
2007,8,other,oil,1448.5
2007,9,other,oil,1343.73
2007,10,other,oil,1414.29
2007,11,other,oil,1446.01
2007,12,other,oil,1476.13
2008,1,other,oil,1552.16
2008,2,other,oil,1436.14
2008,3,other,oil,1572.26
2008,4,other,oil,1509.31
2008,5,other,oil,1503.3
2008,6,other,oil,1371.77
2008,7,other,oil,1351.28
2008,8,other,oil,1390.78
2008,9,other,oil,1348.69
2008,10,other,oil,1434.75
2008,11,other,oil,1409.62
2008,12,other,oil,1562.63
2009,1,other,oil,1597.89
2009,2,other,oil,1365.82
2009,3,other,oil,1526.21
2009,4,other,oil,1476.0
2009,5,other,oil,1540.76
2009,6,other,oil,1429.82
2009,7,other,oil,1469.74
2009,8,other,oil,1461.34
2009,9,other,oil,1424.42
2009,10,other,oil,1493.75
2009,11,other,oil,1470.93
2009,12,other,oil,1655.51
2010,1,other,oil,1567.14
2010,2,other,oil,1518.38
2010,3,other,oil,1658.46
2010,4,other,oil,1535.41
2010,5,other,oil,1569.8
2010,6,other,oil,1532.96
2010,7,other,oil,1573.43
2010,8,other,oil,1518.03
2010,9,other,oil,1485.17
2010,10,other,oil,1519.26
2010,11,other,oil,1608.96
2010,12,other,oil,1692.02
2011,1,other,oil,1654.3
2011,2,other,oil,1521.51
2011,3,other,oil,1719.41
2011,4,other,oil,1667.04
2011,5,other,oil,1695.39
2011,6,other,oil,1647.1
2011,7,other,oil,1626.11
2011,8,other,oil,1671.46
2011,9,other,oil,1620.52
2011,10,other,oil,1608.42
2011,11,other,oil,1605.59
2011,12,other,oil,1845.22
2012,1,other,oil,1731.03
2012,2,other,oil,1694.32
2012,3,other,oil,1850.38
2012,4,other,oil,1764.79
2012,5,other,oil,1850.69
2012,6,other,oil,1767.62
2012,7,other,oil,1759.61
2012,8,other,oil,1792.49
2012,9,other,oil,1694.19
2012,10,other,oil,1800.52
2012,11,other,oil,1820.76
2012,12,other,oil,1908.83
2013,1,other,oil,1860.21
2013,2,other,oil,1611.39
2013,3,other,oil,1732.32
2013,4,other,oil,1633.76
2013,5,other,oil,1729.78
2013,6,other,oil,1569.45
2013,7,other,oil,1625.82
2013,8,other,oil,1612.52
2013,9,other,oil,1493.33
2013,10,other,oil,1601.3
2013,11,other,oil,1630.64
2013,12,other,oil,1705.01
2014,1,other,oil,1734.13
2014,2,other,oil,1569.24
2014,3,other,oil,1687.06
2014,4,other,oil,1606.73
2014,5,other,oil,1670.49
2014,6,other,oil,1516.51
2014,7,other,oil,1558.85
2014,8,other,oil,1532.87
2014,9,other,oil,1501.09
2014,10,other,oil,1553.07
2014,11,other,oil,1558.3
2014,12,other,oil,1705.75
2015,1,other,oil,1677.57
2015,2,other,oil,1552.38
2015,3,other,oil,1679.86
2015,4,other,oil,1608.47
2015,5,other,oil,1655.15
2015,6,other,oil,1577.54
2015,7,other,oil,1599.52
2015,8,other,oil,1587.09
2015,9,other,oil,1509.88
2015,10,other,oil,1587.53
2015,11,other,oil,1611.12
2015,12,other,oil,1762.0
2016,1,other,oil,1366.75
2016,2,other,oil,1346.15
2016,3,other,oil,1406.73
2016,4,other,oil,1306.38
2016,5,other,oil,1369.6
2016,6,other,oil,1309.17
2016,7,other,oil,1292.91
2016,8,other,oil,1331.21
2016,9,other,oil,1284.57
2016,10,other,oil,1277.32
2016,11,other,oil,1346.38
2016,12,other,oil,1442.45
2017,1,other,oil,1253.59
2017,2,other,oil,1207.01
2017,3,other,oil,1332.5
2017,4,other,oil,1199.46
2017,5,other,oil,1279.68
2017,6,other,oil,1240.19
2017,7,other,oil,1220.42
2017,8,other,oil,1249.99
2017,9,other,oil,1212.17
2017,10,other,oil,1199.46
2017,11,other,oil,1261.68
2017,12,other,oil,1339.4
2018,1,other,oil,1380.35
2018,2,other,oil,1295.63
2018,3,other,oil,1420.24
2018,4,other,oil,1310.4
2018,5,other,oil,1340.24
2018,6,other,oil,1291.31
2018,7,other,oil,1275.88
2018,8,other,oil,1326.19
2018,9,other,oil,1234.38
2018,10,other,oil,1297.59
2018,11,other,oil,1332.73
2018,12,other,oil,1397.2
2019,1,other,oil,1394.24
2019,2,other,oil,1276.32
2019,3,other,oil,1398.93
2019,4,other,oil,1314.04
2019,5,other,oil,1362.36
2019,6,other,oil,1295.2
2019,7,other,oil,1337.44
2019,8,other,oil,1323.63
2019,9,other,oil,1251.68
2019,10,other,oil,1321.54
2019,11,other,oil,1335.52
2019,12,other,oil,1373.58
2020,1,other,oil,1186.68
2020,2,other,oil,1114.27
2020,3,other,oil,1145.39
2020,4,other,oil,1001.73
2020,5,other,oil,1073.23
2020,6,other,oil,1071.4
2020,7,other,oil,1122.97
2020,8,other,oil,1120.96
2020,9,other,oil,1100.65
2020,10,other,oil,1098.37
2020,11,other,oil,1136.01
2020,12,other,oil,1187.73
2021,1,other,oil,1058.76
2021,2,other,oil,1044.22
2021,3,other,oil,1161.27
2021,4,other,oil,1045.59
2021,5,other,oil,1026.25
2021,6,other,oil,1015.83
2021,7,other,oil,973.51
2021,8,other,oil,956.09
2021,9,other,oil,964.41
2021,10,other,oil,1035.95
2021,11,other,oil,1129.44
2021,12,other,oil,1237.23
2022,1,other,oil,1197.15
2022,2,other,oil,1100.24
2022,3,other,oil,1202.75
2022,4,other,oil,1168.17
2022,5,other,oil,1138.65
2022,6,other,oil,1110.32
2022,7,other,oil,1070.81
2022,8,other,oil,1134.95
2022,9,other,oil,1070.1
2022,10,other,oil,1138.38
2022,11,other,oil,1161.45
2022,12,other,oil,1222.93
1987,1,industry,coal,190.5
1987,2,industry,coal,280.42
1987,3,industry,coal,143.21
1987,4,industry,coal,186.45
1987,5,industry,coal,273.05
1987,6,industry,coal,189.94
1987,7,industry,coal,427.81
1987,8,industry,coal,195.91
1987,9,industry,coal,187.8
1987,10,industry,coal,247.81
1987,11,industry,coal,282.59
1987,12,industry,coal,334.56
1988,1,industry,coal,338.65
1988,2,industry,coal,253.72
1988,3,industry,coal,358.01
1988,4,industry,coal,365.11
1988,5,industry,coal,377.82
1988,6,industry,coal,235.36
1988,7,industry,coal,324.43
1988,8,industry,coal,232.51
1988,9,industry,coal,223.13
1988,10,industry,coal,346.53
1988,11,industry,coal,234.93
1988,12,industry,coal,303.22
1989,1,industry,coal,483.4
1989,2,industry,coal,383.64
1989,3,industry,coal,466.56
1989,4,industry,coal,268.33
1989,5,industry,coal,351.47
1989,6,industry,coal,520.64
1989,7,industry,coal,379.48
1989,8,industry,coal,414.74
1989,9,industry,coal,317.88
1989,10,industry,coal,351.07
1989,11,industry,coal,452.22
1989,12,industry,coal,425.71
1990,1,industry,coal,504.63
1990,2,industry,coal,420.51
1990,3,industry,coal,508.21
1990,4,industry,coal,462.86
1990,5,industry,coal,562.8
1990,6,industry,coal,655.24
1990,7,industry,coal,413.55
1990,8,industry,coal,446.85
1990,9,industry,coal,471.58
1990,10,industry,coal,507.12
1990,11,industry,coal,605.88
1990,12,industry,coal,597.73
1991,1,industry,coal,579.16
1991,2,industry,coal,491.99
1991,3,industry,coal,553.12
1991,4,industry,coal,535.6
1991,5,industry,coal,543.39
1991,6,industry,coal,577.5
1991,7,industry,coal,585.85
1991,8,industry,coal,533.55
1991,9,industry,coal,560.74
1991,10,industry,coal,503.61
1991,11,industry,coal,699.14
1991,12,industry,coal,732.02
1992,1,industry,coal,656.11
1992,2,industry,coal,638.23
1992,3,industry,coal,641.13
1992,4,industry,coal,511.54
1992,5,industry,coal,638.62
1992,6,industry,coal,689.32
1992,7,industry,coal,596.66
1992,8,industry,coal,486.38
1992,9,industry,coal,733.77
1992,10,industry,coal,717.56
1992,11,industry,coal,673.41
1992,12,industry,coal,678.29
1993,1,industry,coal,747.39
1993,2,industry,coal,774.12
1993,3,industry,coal,881.47
1993,4,industry,coal,810.49
1993,5,industry,coal,870.51
1993,6,industry,coal,945.85
1993,7,industry,coal,917.5
1993,8,industry,coal,950.54
1993,9,industry,coal,1091.85
1993,10,industry,coal,891.8
1993,11,industry,coal,1124.93
1993,12,industry,coal,959.29
1994,1,industry,coal,1262.05
1994,2,industry,coal,952.81
1994,3,industry,coal,1090.3
1994,4,industry,coal,1150.48
1994,5,industry,coal,1120.37
1994,6,industry,coal,1106.39
1994,7,industry,coal,1046.24
1994,8,industry,coal,1252.11
1994,9,industry,coal,1193.79
1994,10,industry,coal,1179.63
1994,11,industry,coal,1221.79
1994,12,industry,coal,1241.49
1995,1,industry,coal,1460.74
1995,2,industry,coal,1320.79
1995,3,industry,coal,1272.84
1995,4,industry,coal,1316.43
1995,5,industry,coal,1274.73
1995,6,industry,coal,1345.05
1995,7,industry,coal,1492.82
1995,8,industry,coal,1379.46
1995,9,industry,coal,1389.53
1995,10,industry,coal,1152.57
1995,11,industry,coal,1270.96
1995,12,industry,coal,1294.2
1996,1,industry,coal,1487.06
1996,2,industry,coal,1540.5
1996,3,industry,coal,1586.68
1996,4,industry,coal,1607.11
1996,5,industry,coal,1181.43
1996,6,industry,coal,1561.34
1996,7,industry,coal,1707.55
1996,8,industry,coal,1588.7
1996,9,industry,coal,1651.67
1996,10,industry,coal,1638.33
1996,11,industry,coal,1614.94
1996,12,industry,coal,2105.89
1997,1,industry,coal,1620.67
1997,2,industry,coal,1683.45
1997,3,industry,coal,1622.06
1997,4,industry,coal,1594.44
1997,5,industry,coal,1393.81
1997,6,industry,coal,1638.98
1997,7,industry,coal,1454.87
1997,8,industry,coal,1898.88
1997,9,industry,coal,1361.64
1997,10,industry,coal,1473.77
1997,11,industry,coal,1594.32
1997,12,industry,coal,1419.02
1998,1,industry,coal,940.89
1998,2,industry,coal,941.28
1998,3,industry,coal,1109.73
1998,4,industry,coal,1410.65
1998,5,industry,coal,1603.53
1998,6,industry,coal,1174.99
1998,7,industry,coal,1037.75
1998,8,industry,coal,1321.62
1998,9,industry,coal,1357.26
1998,10,industry,coal,1105.91
1998,11,industry,coal,1058.66
1998,12,industry,coal,1045.91
1999,1,industry,coal,1160.26
1999,2,industry,coal,1573.14
1999,3,industry,coal,1462.33
1999,4,industry,coal,1979.78
1999,5,industry,coal,1314.9
1999,6,industry,coal,1380.76
1999,7,industry,coal,1232.97
1999,8,industry,coal,1612.79
1999,9,industry,coal,997.0
1999,10,industry,coal,1058.96
1999,11,industry,coal,693.61
1999,12,industry,coal,504.36
2000,1,industry,coal,1211.49
2000,2,industry,coal,1244.99
2000,3,industry,coal,1315.36
2000,4,industry,coal,1064.11
2000,5,industry,coal,777.95
2000,6,industry,coal,1186.11
2000,7,industry,coal,1084.39
2000,8,industry,coal,1377.6
2000,9,industry,coal,1447.3
2000,10,industry,coal,635.77
2000,11,industry,coal,616.0
2000,12,industry,coal,817.91
2001,1,industry,coal,659.23
2001,2,industry,coal,950.05
2001,3,industry,coal,999.5
2001,4,industry,coal,1080.72
2001,5,industry,coal,1245.43
2001,6,industry,coal,729.05
2001,7,industry,coal,1559.88
2001,8,industry,coal,1553.03
2001,9,industry,coal,1667.28
2001,10,industry,coal,1003.25
2001,11,industry,coal,1300.75
2001,12,industry,coal,1487.49
2002,1,industry,coal,2057.54
2002,2,industry,coal,1356.4
2002,3,industry,coal,1428.24
2002,4,industry,coal,1345.3
2002,5,industry,coal,1587.71
2002,6,industry,coal,1607.45
2002,7,industry,coal,1462.58
2002,8,industry,coal,1476.46
2002,9,industry,coal,1479.2
2002,10,industry,coal,1325.14
2002,11,industry,coal,881.87
2002,12,industry,coal,1258.51
2003,1,industry,coal,2191.02
2003,2,industry,coal,1535.49
2003,3,industry,coal,1759.56
2003,4,industry,coal,1316.96
2003,5,industry,coal,1433.5
2003,6,industry,coal,1300.07
2003,7,industry,coal,912.17
2003,8,industry,coal,1285.33
2003,9,industry,coal,1762.52
2003,10,industry,coal,1569.25
2003,11,industry,coal,1463.43
2003,12,industry,coal,1452.74
2004,1,industry,coal,1735.8
2004,2,industry,coal,1754.16
2004,3,industry,coal,1992.02
2004,4,industry,coal,1829.58
2004,5,industry,coal,2001.87
2004,6,industry,coal,1947.01
2004,7,industry,coal,1758.46
2004,8,industry,coal,1793.7
2004,9,industry,coal,1757.11
2004,10,industry,coal,1669.41
2004,11,industry,coal,1757.67
2004,12,industry,coal,1729.41
2005,1,industry,coal,2219.81
2005,2,industry,coal,2089.5
2005,3,industry,coal,2507.59
2005,4,industry,coal,2228.87
2005,5,industry,coal,2321.06
2005,6,industry,coal,2142.53
2005,7,industry,coal,2116.77
2005,8,industry,coal,1926.61
2005,9,industry,coal,2067.34
2005,10,industry,coal,1978.84
2005,11,industry,coal,1941.69
2005,12,industry,coal,2026.13
2006,1,industry,coal,2051.45
2006,2,industry,coal,2235.68
2006,3,industry,coal,2384.59
2006,4,industry,coal,1867.49
2006,5,industry,coal,1925.51
2006,6,industry,coal,1988.23
2006,7,industry,coal,1921.83
2006,8,industry,coal,1901.16
2006,9,industry,coal,1933.84
2006,10,industry,coal,1964.48
2006,11,industry,coal,1903.65
2006,12,industry,coal,2512.58
2007,1,industry,coal,2462.0
2007,2,industry,coal,2135.11
2007,3,industry,coal,2305.29
2007,4,industry,coal,2634.93
2007,5,industry,coal,1792.04
2007,6,industry,coal,1714.33
2007,7,industry,coal,2134.96
2007,8,industry,coal,2763.57
2007,9,industry,coal,1767.75
2007,10,industry,coal,2112.6
2007,11,industry,coal,2120.85
2007,12,industry,coal,2409.47
2008,1,industry,coal,2572.08
2008,2,industry,coal,2494.99
2008,3,industry,coal,2534.08
2008,4,industry,coal,2548.48
2008,5,industry,coal,2585.5
2008,6,industry,coal,2702.68
2008,7,industry,coal,2644.73
2008,8,industry,coal,2487.54
2008,9,industry,coal,2485.59
2008,10,industry,coal,2494.3
2008,11,industry,coal,2226.05
2008,12,industry,coal,2068.3
2009,1,industry,coal,2195.69
2009,2,industry,coal,2207.44
2009,3,industry,coal,2299.86
2009,4,industry,coal,2866.19
2009,5,industry,coal,2732.78
2009,6,industry,coal,2975.09
2009,7,industry,coal,2786.55
2009,8,industry,coal,2686.66
2009,9,industry,coal,2749.1
2009,10,industry,coal,2338.0
2009,11,industry,coal,2679.91
2009,12,industry,coal,2951.98
2010,1,industry,coal,2326.14
2010,2,industry,coal,2245.0
2010,3,industry,coal,2918.71
2010,4,industry,coal,2887.78
2010,5,industry,coal,2887.59
2010,6,industry,coal,2967.84
2010,7,industry,coal,2897.14
2010,8,industry,coal,2705.15
2010,9,industry,coal,2846.97
2010,10,industry,coal,2626.57
2010,11,industry,coal,2891.87
2010,12,industry,coal,2512.21
2011,1,industry,coal,2686.55
2011,2,industry,coal,2694.83
2011,3,industry,coal,2911.27
2011,4,industry,coal,2735.76
2011,5,industry,coal,2714.66
2011,6,industry,coal,2744.27
2011,7,industry,coal,2578.7
2011,8,industry,coal,2890.56
2011,9,industry,coal,2748.06
2011,10,industry,coal,2555.55
2011,11,industry,coal,2147.3
2011,12,industry,coal,2244.15
2012,1,industry,coal,2114.92
2012,2,industry,coal,2162.92
2012,3,industry,coal,2302.61
2012,4,industry,coal,2385.17
2012,5,industry,coal,2528.4
2012,6,industry,coal,2370.79
2012,7,industry,coal,2832.23
2012,8,industry,coal,2735.2
2012,9,industry,coal,2603.67
2012,10,industry,coal,2796.23
2012,11,industry,coal,2717.6
2012,12,industry,coal,2654.26
2013,1,industry,coal,1957.47
2013,2,industry,coal,1906.76
2013,3,industry,coal,2052.09
2013,4,industry,coal,2190.79
2013,5,industry,coal,2357.67
2013,6,industry,coal,2439.32
2013,7,industry,coal,2521.9
2013,8,industry,coal,2467.75
2013,9,industry,coal,2380.25
2013,10,industry,coal,2561.89
2013,11,industry,coal,2456.2
2013,12,industry,coal,2478.87
2014,1,industry,coal,2337.03
2014,2,industry,coal,2459.3
2014,3,industry,coal,2411.66
2014,4,industry,coal,2823.35
2014,5,industry,coal,3155.81
2014,6,industry,coal,2814.94
2014,7,industry,coal,3034.61
2014,8,industry,coal,2808.77
2014,9,industry,coal,3145.07
2014,10,industry,coal,3199.73
2014,11,industry,coal,2793.0
2014,12,industry,coal,3153.31
2015,1,industry,coal,3053.04
2015,2,industry,coal,3120.22
2015,3,industry,coal,3180.63
2015,4,industry,coal,2970.0
2015,5,industry,coal,2758.11
2015,6,industry,coal,3059.47
2015,7,industry,coal,2903.39
2015,8,industry,coal,2756.77
2015,9,industry,coal,2901.01
2015,10,industry,coal,2906.86
2015,11,industry,coal,3058.28
2015,12,industry,coal,3557.25
2016,1,industry,coal,3319.36
2016,2,industry,coal,3194.44
2016,3,industry,coal,2930.8
2016,4,industry,coal,2674.98
2016,5,industry,coal,3007.53
2016,6,industry,coal,2852.36
2016,7,industry,coal,2969.33
2016,8,industry,coal,2945.37
2016,9,industry,coal,2690.72
2016,10,industry,coal,2836.62
2016,11,industry,coal,2841.23
2016,12,industry,coal,2804.3
2017,1,industry,coal,3061.41
2017,2,industry,coal,3150.02
2017,3,industry,coal,3427.88
2017,4,industry,coal,3201.39
2017,5,industry,coal,2812.19
2017,6,industry,coal,3335.94
2017,7,industry,coal,2962.11
2017,8,industry,coal,3099.06
2017,9,industry,coal,3096.98
2017,10,industry,coal,3121.38
2017,11,industry,coal,3050.97
2017,12,industry,coal,2846.79
2018,1,industry,coal,4002.95
2018,2,industry,coal,3266.97
2018,3,industry,coal,4201.17
2018,4,industry,coal,3288.22
2018,5,industry,coal,2917.91
2018,6,industry,coal,3733.36
2018,7,industry,coal,3676.37
2018,8,industry,coal,3653.56
2018,9,industry,coal,3588.06
2018,10,industry,coal,3399.88
2018,11,industry,coal,3086.17
2018,12,industry,coal,2969.53
2019,1,industry,coal,2838.04
2019,2,industry,coal,2430.82
2019,3,industry,coal,3176.64
2019,4,industry,coal,3196.88
2019,5,industry,coal,2969.57
2019,6,industry,coal,2755.55
2019,7,industry,coal,3090.99
2019,8,industry,coal,3231.29
2019,9,industry,coal,2904.95
2019,10,industry,coal,2871.72
2019,11,industry,coal,2816.45
2019,12,industry,coal,2810.59
2020,1,industry,coal,3384.66
2020,2,industry,coal,3056.5
2020,3,industry,coal,2922.97
2020,4,industry,coal,2906.53
2020,5,industry,coal,3087.22
2020,6,industry,coal,3036.49
2020,7,industry,coal,3063.03
2020,8,industry,coal,3129.18
2020,9,industry,coal,3491.64
2020,10,industry,coal,3555.88
2020,11,industry,coal,3885.92
2020,12,industry,coal,3832.18
2021,1,industry,coal,3545.89
2021,2,industry,coal,3074.21
2021,3,industry,coal,3614.05
2021,4,industry,coal,3529.89
2021,5,industry,coal,3588.93
2021,6,industry,coal,3558.46
2021,7,industry,coal,3595.92
2021,8,industry,coal,3725.42
2021,9,industry,coal,3611.05
2021,10,industry,coal,2902.65
2021,11,industry,coal,3195.18
2021,12,industry,coal,3633.83
2022,1,industry,coal,3071.59
2022,2,industry,coal,2773.99
2022,3,industry,coal,3029.42
2022,4,industry,coal,3097.79
2022,5,industry,coal,3173.53
2022,6,industry,coal,3079.23
2022,7,industry,coal,2756.29
2022,8,industry,coal,2777.48
2022,9,industry,coal,2636.28
2022,10,industry,coal,2642.42
2022,11,industry,coal,2505.56
2022,12,industry,coal,2665.91
2001,1,transport,natural_gas,0.43
2001,2,transport,natural_gas,0.45
2001,3,transport,natural_gas,0.39
2001,4,transport,natural_gas,0.44
2001,5,transport,natural_gas,0.56
2001,6,transport,natural_gas,0.48
2001,7,transport,natural_gas,0.5
2001,8,transport,natural_gas,0.48
2001,9,transport,natural_gas,0.45
2001,10,transport,natural_gas,0.48
2001,11,transport,natural_gas,0.48
2001,12,transport,natural_gas,0.43
2002,1,transport,natural_gas,0.49
2002,2,transport,natural_gas,0.41
2002,3,transport,natural_gas,0.53
2002,4,transport,natural_gas,0.45
2002,5,transport,natural_gas,0.45
2002,6,transport,natural_gas,0.41
2002,7,transport,natural_gas,0.4
2002,8,transport,natural_gas,0.45
2002,9,transport,natural_gas,0.47
2002,10,transport,natural_gas,0.54
2002,11,transport,natural_gas,0.49
2002,12,transport,natural_gas,0.45
2003,1,transport,natural_gas,0.6
2003,2,transport,natural_gas,0.49
2003,3,transport,natural_gas,0.53
2003,4,transport,natural_gas,0.53
2003,5,transport,natural_gas,0.54
2003,6,transport,natural_gas,0.54
2003,7,transport,natural_gas,0.62
2003,8,transport,natural_gas,0.53
2003,9,transport,natural_gas,0.6
2003,10,transport,natural_gas,0.54
2003,11,transport,natural_gas,0.5
2003,12,transport,natural_gas,0.59
2004,1,transport,natural_gas,0.54
2004,2,transport,natural_gas,0.5
2004,3,transport,natural_gas,0.63
2004,4,transport,natural_gas,3.53
2004,5,transport,natural_gas,3.83
2004,6,transport,natural_gas,4.89
2004,7,transport,natural_gas,6.0
2004,8,transport,natural_gas,7.1
2004,9,transport,natural_gas,7.98
2004,10,transport,natural_gas,8.62
2004,11,transport,natural_gas,9.96
2004,12,transport,natural_gas,9.2
2005,1,transport,natural_gas,10.19
2005,2,transport,natural_gas,9.78
2005,3,transport,natural_gas,11.88
2005,4,transport,natural_gas,10.19
2005,5,transport,natural_gas,10.95
2005,6,transport,natural_gas,11.18
2005,7,transport,natural_gas,10.95
2005,8,transport,natural_gas,12.52
2005,9,transport,natural_gas,11.76
2005,10,transport,natural_gas,11.76
2005,11,transport,natural_gas,13.16
2005,12,transport,natural_gas,12.58
2006,1,transport,natural_gas,15.66
2006,2,transport,natural_gas,13.45
2006,3,transport,natural_gas,15.84
2006,4,transport,natural_gas,14.27
2006,5,transport,natural_gas,17.47
2006,6,transport,natural_gas,17.12
2006,7,transport,natural_gas,17.41
2006,8,transport,natural_gas,22.59
2006,9,transport,natural_gas,21.78
2006,10,transport,natural_gas,25.33
2006,11,transport,natural_gas,24.63
2006,12,transport,natural_gas,24.22
2007,1,transport,natural_gas,25.27
2007,2,transport,natural_gas,26.44
2007,3,transport,natural_gas,33.02
2007,4,transport,natural_gas,32.96
2007,5,transport,natural_gas,35.17
2007,6,transport,natural_gas,37.5
2007,7,transport,natural_gas,40.47
2007,8,transport,natural_gas,44.43
2007,9,transport,natural_gas,46.87
2007,10,transport,natural_gas,53.45
2007,11,transport,natural_gas,58.64
2007,12,transport,natural_gas,65.8
2008,1,transport,natural_gas,74.18
2008,2,transport,natural_gas,78.72
2008,3,transport,natural_gas,93.22
2008,4,transport,natural_gas,99.28
2008,5,transport,natural_gas,113.37
2008,6,transport,natural_gas,125.54
2008,7,transport,natural_gas,149.94
2008,8,transport,natural_gas,165.14
2008,9,transport,natural_gas,171.02
2008,10,transport,natural_gas,192.44
2008,11,transport,natural_gas,188.89
2008,12,transport,natural_gas,195.3
2009,1,transport,natural_gas,210.61
2009,2,transport,natural_gas,216.08
2009,3,transport,natural_gas,248.63
2009,4,transport,natural_gas,219.99
2009,5,transport,natural_gas,240.95
2009,6,transport,natural_gas,247.18
2009,7,transport,natural_gas,257.43
2009,8,transport,natural_gas,270.24
2009,9,transport,natural_gas,263.31
2009,10,transport,natural_gas,278.27
2009,11,transport,natural_gas,277.98
2009,12,transport,natural_gas,302.32
2010,1,transport,natural_gas,278.39
2010,2,transport,natural_gas,279.44
2010,3,transport,natural_gas,316.94
2010,4,transport,natural_gas,287.73
2010,5,transport,natural_gas,301.5
2010,6,transport,natural_gas,315.54
2010,7,transport,natural_gas,323.73
2010,8,transport,natural_gas,325.82
2010,9,transport,natural_gas,331.59
2010,10,transport,natural_gas,348.15
2010,11,transport,natural_gas,357.06
2010,12,transport,natural_gas,379.4
2011,1,transport,natural_gas,374.48
2011,2,transport,natural_gas,374.76
2011,3,transport,natural_gas,416.51
2011,4,transport,natural_gas,376.23
2011,5,transport,natural_gas,429.04
2011,6,transport,natural_gas,429.55
2011,7,transport,natural_gas,436.78
2011,8,transport,natural_gas,446.97
2011,9,transport,natural_gas,433.51
2011,10,transport,natural_gas,399.86
2011,11,transport,natural_gas,344.33
2011,12,transport,natural_gas,438.94
2012,1,transport,natural_gas,481.9
2012,2,transport,natural_gas,466.44
2012,3,transport,natural_gas,503.18
2012,4,transport,natural_gas,453.7
2012,5,transport,natural_gas,502.23
2012,6,transport,natural_gas,489.2
2012,7,transport,natural_gas,490.06
2012,8,transport,natural_gas,510.11
2012,9,transport,natural_gas,496.3
2012,10,transport,natural_gas,513.58
2012,11,transport,natural_gas,509.82
2012,12,transport,natural_gas,502.57
2013,1,transport,natural_gas,522.91
2013,2,transport,natural_gas,504.82
2013,3,transport,natural_gas,558.63
2013,4,transport,natural_gas,508.08
2013,5,transport,natural_gas,567.32
2013,6,transport,natural_gas,540.9
2013,7,transport,natural_gas,554.46
2013,8,transport,natural_gas,572.75
2013,9,transport,natural_gas,542.19
2013,10,transport,natural_gas,556.98
2013,11,transport,natural_gas,548.32
2013,12,transport,natural_gas,547.13
2014,1,transport,natural_gas,548.37
2014,2,transport,natural_gas,531.25
2014,3,transport,natural_gas,590.44
2014,4,transport,natural_gas,528.06
2014,5,transport,natural_gas,574.75
2014,6,transport,natural_gas,553.63
2014,7,transport,natural_gas,575.65
2014,8,transport,natural_gas,575.38
2014,9,transport,natural_gas,559.14
2014,10,transport,natural_gas,571.17
2014,11,transport,natural_gas,556.09
2014,12,transport,natural_gas,565.01
2015,1,transport,natural_gas,548.17
2015,2,transport,natural_gas,520.21
2015,3,transport,natural_gas,594.63
2015,4,transport,natural_gas,521.56
2015,5,transport,natural_gas,570.51
2015,6,transport,natural_gas,545.33
2015,7,transport,natural_gas,561.12
2015,8,transport,natural_gas,537.42
2015,9,transport,natural_gas,507.76
2015,10,transport,natural_gas,511.89
2015,11,transport,natural_gas,511.26
2015,12,transport,natural_gas,525.48
2016,1,transport,natural_gas,509.32
2016,2,transport,natural_gas,499.67
2016,3,transport,natural_gas,549.52
2016,4,transport,natural_gas,478.05
2016,5,transport,natural_gas,518.2
2016,6,transport,natural_gas,485.94
2016,7,transport,natural_gas,482.04
2016,8,transport,natural_gas,489.76
2016,9,transport,natural_gas,466.28
2016,10,transport,natural_gas,474.21
2016,11,transport,natural_gas,462.63
2016,12,transport,natural_gas,508.47
2017,1,transport,natural_gas,439.42
2017,2,transport,natural_gas,419.83
2017,3,transport,natural_gas,476.22
2017,4,transport,natural_gas,404.29
2017,5,transport,natural_gas,444.17
2017,6,transport,natural_gas,425.62
2017,7,transport,natural_gas,431.96
2017,8,transport,natural_gas,440.17
2017,9,transport,natural_gas,424.55
2017,10,transport,natural_gas,409.64
2017,11,transport,natural_gas,420.78
2017,12,transport,natural_gas,420.57
2018,1,transport,natural_gas,406.04
2018,2,transport,natural_gas,387.88
2018,3,transport,natural_gas,430.13
2018,4,transport,natural_gas,363.15
2018,5,transport,natural_gas,405.34
2018,6,transport,natural_gas,395.05
2018,7,transport,natural_gas,388.96
2018,8,transport,natural_gas,396.22
2018,9,transport,natural_gas,369.8
2018,10,transport,natural_gas,377.77
2018,11,transport,natural_gas,376.03
2018,12,transport,natural_gas,369.17
2019,1,transport,natural_gas,357.91
2019,2,transport,natural_gas,338.77
2019,3,transport,natural_gas,382.08
2019,4,transport,natural_gas,342.02
2019,5,transport,natural_gas,365.74
2019,6,transport,natural_gas,343.37
2019,7,transport,natural_gas,345.99
2019,8,transport,natural_gas,345.23
2019,9,transport,natural_gas,314.9
2019,10,transport,natural_gas,334.43
2019,11,transport,natural_gas,323.27
2019,12,transport,natural_gas,320.76
2020,1,transport,natural_gas,318.68
2020,2,transport,natural_gas,300.43
2020,3,transport,natural_gas,285.88
2020,4,transport,natural_gas,186.83
2020,5,transport,natural_gas,211.87
2020,6,transport,natural_gas,229.87
2020,7,transport,natural_gas,165.12
2020,8,transport,natural_gas,260.16
2020,9,transport,natural_gas,250.56
2020,10,transport,natural_gas,246.52
2020,11,transport,natural_gas,252.62
2020,12,transport,natural_gas,249.98
2021,1,transport,natural_gas,212.23
2021,2,transport,natural_gas,140.67
2021,3,transport,natural_gas,265.03
2021,4,transport,natural_gas,211.2
2021,5,transport,natural_gas,205.9
2021,6,transport,natural_gas,208.89
2021,7,transport,natural_gas,181.44
2021,8,transport,natural_gas,172.46
2021,9,transport,natural_gas,177.34
2021,10,transport,natural_gas,194.6
2021,11,transport,natural_gas,203.77
2021,12,transport,natural_gas,215.13
2022,1,transport,natural_gas,206.4
2022,2,transport,natural_gas,198.61
2022,3,transport,natural_gas,222.15
2022,4,transport,natural_gas,199.68
2022,5,transport,natural_gas,226.24
2022,6,transport,natural_gas,227.73
2022,7,transport,natural_gas,222.77
2022,8,transport,natural_gas,225.31
2022,9,transport,natural_gas,213.04
2022,10,transport,natural_gas,217.11
2022,11,transport,natural_gas,213.36
2022,12,transport,natural_gas,225.69
1987,1,industry,natural_gas,11.37
1987,2,industry,natural_gas,7.11
1987,3,industry,natural_gas,8.36
1987,4,industry,natural_gas,6.72
1987,5,industry,natural_gas,9.45
1987,6,industry,natural_gas,6.16
1987,7,industry,natural_gas,7.69
1987,8,industry,natural_gas,6.94
1987,9,industry,natural_gas,4.84
1987,10,industry,natural_gas,8.58
1987,11,industry,natural_gas,8.67
1987,12,industry,natural_gas,9.24
1988,1,industry,natural_gas,6.99
1988,2,industry,natural_gas,10.97
1988,3,industry,natural_gas,11.75
1988,4,industry,natural_gas,11.52
1988,5,industry,natural_gas,12.05
1988,6,industry,natural_gas,12.4
1988,7,industry,natural_gas,12.45
1988,8,industry,natural_gas,10.15
1988,9,industry,natural_gas,13.69
1988,10,industry,natural_gas,15.96
1988,11,industry,natural_gas,12.49
1988,12,industry,natural_gas,16.85
1989,1,industry,natural_gas,16.16
1989,2,industry,natural_gas,17.37
1989,3,industry,natural_gas,19.96
1989,4,industry,natural_gas,14.71
1989,5,industry,natural_gas,15.3
1989,6,industry,natural_gas,15.23
1989,7,industry,natural_gas,15.48
1989,8,industry,natural_gas,16.02
1989,9,industry,natural_gas,15.99
1989,10,industry,natural_gas,15.99
1989,11,industry,natural_gas,20.06
1989,12,industry,natural_gas,22.22
1990,1,industry,natural_gas,24.74
1990,2,industry,natural_gas,22.5
1990,3,industry,natural_gas,25.09
1990,4,industry,natural_gas,25.03
1990,5,industry,natural_gas,27.16
1990,6,industry,natural_gas,27.34
1990,7,industry,natural_gas,27.47
1990,8,industry,natural_gas,30.64
1990,9,industry,natural_gas,33.02
1990,10,industry,natural_gas,35.12
1990,11,industry,natural_gas,35.22
1990,12,industry,natural_gas,57.97
1991,1,industry,natural_gas,60.95
1991,2,industry,natural_gas,48.56
1991,3,industry,natural_gas,38.62
1991,4,industry,natural_gas,35.07
1991,5,industry,natural_gas,34.58
1991,6,industry,natural_gas,35.88
1991,7,industry,natural_gas,39.52
1991,8,industry,natural_gas,43.18
1991,9,industry,natural_gas,42.59
1991,10,industry,natural_gas,44.21
1991,11,industry,natural_gas,44.17
1991,12,industry,natural_gas,48.29
1992,1,industry,natural_gas,46.83
1992,2,industry,natural_gas,51.6
1992,3,industry,natural_gas,58.8
1992,4,industry,natural_gas,54.5
1992,5,industry,natural_gas,59.51
1992,6,industry,natural_gas,62.03
1992,7,industry,natural_gas,61.55
1992,8,industry,natural_gas,61.59
1992,9,industry,natural_gas,60.06
1992,10,industry,natural_gas,66.17
1992,11,industry,natural_gas,66.33
1992,12,industry,natural_gas,65.99
1993,1,industry,natural_gas,67.43
1993,2,industry,natural_gas,63.61
1993,3,industry,natural_gas,70.22
1993,4,industry,natural_gas,65.91
1993,5,industry,natural_gas,73.28
1993,6,industry,natural_gas,77.22
1993,7,industry,natural_gas,76.1
1993,8,industry,natural_gas,78.18
1993,9,industry,natural_gas,60.52
1993,10,industry,natural_gas,71.99
1993,11,industry,natural_gas,89.67
1993,12,industry,natural_gas,75.75
1994,1,industry,natural_gas,74.02
1994,2,industry,natural_gas,76.07
1994,3,industry,natural_gas,90.38
1994,4,industry,natural_gas,76.48
1994,5,industry,natural_gas,92.4
1994,6,industry,natural_gas,95.26
1994,7,industry,natural_gas,93.69
1994,8,industry,natural_gas,105.34
1994,9,industry,natural_gas,102.52
1994,10,industry,natural_gas,96.05
1994,11,industry,natural_gas,123.29
1994,12,industry,natural_gas,116.49
1995,1,industry,natural_gas,123.48
1995,2,industry,natural_gas,109.01
1995,3,industry,natural_gas,126.17
1995,4,industry,natural_gas,105.73
1995,5,industry,natural_gas,128.29
1995,6,industry,natural_gas,119.32
1995,7,industry,natural_gas,113.81
1995,8,industry,natural_gas,117.04
1995,9,industry,natural_gas,138.05
1995,10,industry,natural_gas,148.5
1995,11,industry,natural_gas,163.78
1995,12,industry,natural_gas,155.62
1996,1,industry,natural_gas,114.07
1996,2,industry,natural_gas,128.63
1996,3,industry,natural_gas,111.68
1996,4,industry,natural_gas,137.07
1996,5,industry,natural_gas,172.12
1996,6,industry,natural_gas,157.91
1996,7,industry,natural_gas,145.05
1996,8,industry,natural_gas,139.46
1996,9,industry,natural_gas,147.96
1996,10,industry,natural_gas,133.23
1996,11,industry,natural_gas,143.36
1996,12,industry,natural_gas,133.69
1997,1,industry,natural_gas,177.71
1997,2,industry,natural_gas,173.23
1997,3,industry,natural_gas,164.38
1997,4,industry,natural_gas,156.69
1997,5,industry,natural_gas,144.87
1997,6,industry,natural_gas,169.04
1997,7,industry,natural_gas,176.49
1997,8,industry,natural_gas,181.03
1997,9,industry,natural_gas,179.34
1997,10,industry,natural_gas,171.42
1997,11,industry,natural_gas,179.4
1997,12,industry,natural_gas,175.5
1998,1,industry,natural_gas,143.53
1998,2,industry,natural_gas,152.03
1998,3,industry,natural_gas,155.82
1998,4,industry,natural_gas,165.02
1998,5,industry,natural_gas,162.81
1998,6,industry,natural_gas,164.09
1998,7,industry,natural_gas,134.27
1998,8,industry,natural_gas,150.05
1998,9,industry,natural_gas,165.37
1998,10,industry,natural_gas,168.86
1998,11,industry,natural_gas,165.48
1998,12,industry,natural_gas,224.12
1999,1,industry,natural_gas,190.58
1999,2,industry,natural_gas,160.36
1999,3,industry,natural_gas,204.15
1999,4,industry,natural_gas,167.46
1999,5,industry,natural_gas,181.9
1999,6,industry,natural_gas,227.38
1999,7,industry,natural_gas,226.62
1999,8,industry,natural_gas,239.9
1999,9,industry,natural_gas,249.04
1999,10,industry,natural_gas,255.91
1999,11,industry,natural_gas,245.72
1999,12,industry,natural_gas,265.4
2000,1,industry,natural_gas,238.04
2000,2,industry,natural_gas,270.7
2000,3,industry,natural_gas,253.06
2000,4,industry,natural_gas,273.03
2000,5,industry,natural_gas,290.73
2000,6,industry,natural_gas,314.96
2000,7,industry,natural_gas,335.28
2000,8,industry,natural_gas,319.32
2000,9,industry,natural_gas,346.92
2000,10,industry,natural_gas,370.56
2000,11,industry,natural_gas,460.29
2000,12,industry,natural_gas,386.46
2001,1,industry,natural_gas,296.12
2001,2,industry,natural_gas,253.33
2001,3,industry,natural_gas,305.2
2001,4,industry,natural_gas,294.03
2001,5,industry,natural_gas,321.98
2001,6,industry,natural_gas,311.05
2001,7,industry,natural_gas,329.39
2001,8,industry,natural_gas,350.63
2001,9,industry,natural_gas,313.62
2001,10,industry,natural_gas,362.4
2001,11,industry,natural_gas,337.88
2001,12,industry,natural_gas,287.81
2002,1,industry,natural_gas,337.95
2002,2,industry,natural_gas,313.57
2002,3,industry,natural_gas,291.92
2002,4,industry,natural_gas,353.92
2002,5,industry,natural_gas,366.37
2002,6,industry,natural_gas,351.2
2002,7,industry,natural_gas,389.87
2002,8,industry,natural_gas,375.88
2002,9,industry,natural_gas,365.36
2002,10,industry,natural_gas,386.79
2002,11,industry,natural_gas,350.76
2002,12,industry,natural_gas,340.29
2003,1,industry,natural_gas,401.21
2003,2,industry,natural_gas,345.82
2003,3,industry,natural_gas,367.54
2003,4,industry,natural_gas,380.43
2003,5,industry,natural_gas,361.14
2003,6,industry,natural_gas,383.24
2003,7,industry,natural_gas,397.88
2003,8,industry,natural_gas,366.69
2003,9,industry,natural_gas,418.03
2003,10,industry,natural_gas,417.58
2003,11,industry,natural_gas,361.6
2003,12,industry,natural_gas,421.83
2004,1,industry,natural_gas,417.02
2004,2,industry,natural_gas,404.6
2004,3,industry,natural_gas,444.17
2004,4,industry,natural_gas,415.9
2004,5,industry,natural_gas,445.7
2004,6,industry,natural_gas,446.86
2004,7,industry,natural_gas,440.54
2004,8,industry,natural_gas,464.35
2004,9,industry,natural_gas,464.58
2004,10,industry,natural_gas,469.35
2004,11,industry,natural_gas,483.56
2004,12,industry,natural_gas,457.31
2005,1,industry,natural_gas,497.91
2005,2,industry,natural_gas,415.92
2005,3,industry,natural_gas,478.13
2005,4,industry,natural_gas,419.45
2005,5,industry,natural_gas,459.42
2005,6,industry,natural_gas,444.1
2005,7,industry,natural_gas,450.84
2005,8,industry,natural_gas,508.5
2005,9,industry,natural_gas,488.4
2005,10,industry,natural_gas,486.91
2005,11,industry,natural_gas,497.83
2005,12,industry,natural_gas,476.83
2006,1,industry,natural_gas,510.09
2006,2,industry,natural_gas,462.29
2006,3,industry,natural_gas,523.66
2006,4,industry,natural_gas,471.16
2006,5,industry,natural_gas,552.98
2006,6,industry,natural_gas,521.36
2006,7,industry,natural_gas,531.72
2006,8,industry,natural_gas,566.81
2006,9,industry,natural_gas,532.56
2006,10,industry,natural_gas,579.69
2006,11,industry,natural_gas,584.92
2006,12,industry,natural_gas,571.01
2007,1,industry,natural_gas,678.0
2007,2,industry,natural_gas,603.32
2007,3,industry,natural_gas,623.75
2007,4,industry,natural_gas,617.17
2007,5,industry,natural_gas,664.19
2007,6,industry,natural_gas,618.56
2007,7,industry,natural_gas,627.45
2007,8,industry,natural_gas,690.88
2007,9,industry,natural_gas,636.59
2007,10,industry,natural_gas,722.5
2007,11,industry,natural_gas,700.31
2007,12,industry,natural_gas,697.86
2008,1,industry,natural_gas,733.13
2008,2,industry,natural_gas,715.0
2008,3,industry,natural_gas,760.3
2008,4,industry,natural_gas,756.53
2008,5,industry,natural_gas,787.57
2008,6,industry,natural_gas,749.58
2008,7,industry,natural_gas,856.9
2008,8,industry,natural_gas,825.87
2008,9,industry,natural_gas,840.24
2008,10,industry,natural_gas,806.8
2008,11,industry,natural_gas,742.36
2008,12,industry,natural_gas,763.87
2009,1,industry,natural_gas,826.76
2009,2,industry,natural_gas,797.73
2009,3,industry,natural_gas,924.42
2009,4,industry,natural_gas,854.96
2009,5,industry,natural_gas,914.36
2009,6,industry,natural_gas,951.15
2009,7,industry,natural_gas,929.62
2009,8,industry,natural_gas,948.71
2009,9,industry,natural_gas,996.62
2009,10,industry,natural_gas,1060.97
2009,11,industry,natural_gas,1032.17
2009,12,industry,natural_gas,1018.22
2010,1,industry,natural_gas,1050.86
2010,2,industry,natural_gas,1050.8
2010,3,industry,natural_gas,1217.01
2010,4,industry,natural_gas,1073.87
2010,5,industry,natural_gas,1139.01
2010,6,industry,natural_gas,1167.44
2010,7,industry,natural_gas,1174.96
2010,8,industry,natural_gas,1214.39
2010,9,industry,natural_gas,1216.3
2010,10,industry,natural_gas,1199.96
2010,11,industry,natural_gas,1215.19
2010,12,industry,natural_gas,1278.45
2011,1,industry,natural_gas,1250.63
2011,2,industry,natural_gas,1191.63
2011,3,industry,natural_gas,1456.25
2011,4,industry,natural_gas,1357.31
2011,5,industry,natural_gas,1457.22
2011,6,industry,natural_gas,1485.64
2011,7,industry,natural_gas,1504.08
2011,8,industry,natural_gas,1531.61
2011,9,industry,natural_gas,1527.98
2011,10,industry,natural_gas,1449.38
2011,11,industry,natural_gas,1327.13
2011,12,industry,natural_gas,1463.9
2012,1,industry,natural_gas,1536.12
2012,2,industry,natural_gas,1524.07
2012,3,industry,natural_gas,1587.35
2012,4,industry,natural_gas,1556.78
2012,5,industry,natural_gas,1647.63
2012,6,industry,natural_gas,1591.9
2012,7,industry,natural_gas,1644.05
2012,8,industry,natural_gas,1668.26
2012,9,industry,natural_gas,1639.8
2012,10,industry,natural_gas,1678.88
2012,11,industry,natural_gas,1640.73
2012,12,industry,natural_gas,1585.83
2013,1,industry,natural_gas,1651.42
2013,2,industry,natural_gas,1525.18
2013,3,industry,natural_gas,1684.6
2013,4,industry,natural_gas,1582.28
2013,5,industry,natural_gas,1664.67
2013,6,industry,natural_gas,1591.12
2013,7,industry,natural_gas,1772.54
2013,8,industry,natural_gas,1731.95
2013,9,industry,natural_gas,1709.51
2013,10,industry,natural_gas,1749.3
2013,11,industry,natural_gas,1665.63
2013,12,industry,natural_gas,1698.25
2014,1,industry,natural_gas,1702.12
2014,2,industry,natural_gas,1604.7
2014,3,industry,natural_gas,1675.09
2014,4,industry,natural_gas,1627.44
2014,5,industry,natural_gas,1705.94
2014,6,industry,natural_gas,1680.09
2014,7,industry,natural_gas,1780.79
2014,8,industry,natural_gas,1812.6
2014,9,industry,natural_gas,1812.45
2014,10,industry,natural_gas,1810.24
2014,11,industry,natural_gas,1712.87
2014,12,industry,natural_gas,1679.02
2015,1,industry,natural_gas,1661.08
2015,2,industry,natural_gas,1619.41
2015,3,industry,natural_gas,1857.55
2015,4,industry,natural_gas,1707.48
2015,5,industry,natural_gas,1787.04
2015,6,industry,natural_gas,1781.57
2015,7,industry,natural_gas,1726.46
2015,8,industry,natural_gas,1546.94
2015,9,industry,natural_gas,1645.82
2015,10,industry,natural_gas,1622.69
2015,11,industry,natural_gas,1645.7
2015,12,industry,natural_gas,1689.35
2016,1,industry,natural_gas,1651.13
2016,2,industry,natural_gas,1652.2
2016,3,industry,natural_gas,1775.3
2016,4,industry,natural_gas,1672.23
2016,5,industry,natural_gas,1788.85
2016,6,industry,natural_gas,1708.8
2016,7,industry,natural_gas,1740.97
2016,8,industry,natural_gas,1778.44
2016,9,industry,natural_gas,1736.28
2016,10,industry,natural_gas,1714.93
2016,11,industry,natural_gas,1749.34
2016,12,industry,natural_gas,1749.34
2017,1,industry,natural_gas,1665.73
2017,2,industry,natural_gas,1582.64
2017,3,industry,natural_gas,1767.84
2017,4,industry,natural_gas,1622.66
2017,5,industry,natural_gas,1794.39
2017,6,industry,natural_gas,1682.22
2017,7,industry,natural_gas,1720.75
2017,8,industry,natural_gas,1763.39
2017,9,industry,natural_gas,1720.52
2017,10,industry,natural_gas,1765.4
2017,11,industry,natural_gas,1725.48
2017,12,industry,natural_gas,1737.84
2018,1,industry,natural_gas,1757.34
2018,2,industry,natural_gas,1639.86
2018,3,industry,natural_gas,1781.79
2018,4,industry,natural_gas,1701.62
2018,5,industry,natural_gas,1768.93
2018,6,industry,natural_gas,1741.64
2018,7,industry,natural_gas,1781.25
2018,8,industry,natural_gas,1798.84
2018,9,industry,natural_gas,1660.42
2018,10,industry,natural_gas,1778.82
2018,11,industry,natural_gas,1747.9
2018,12,industry,natural_gas,1698.33
2019,1,industry,natural_gas,1755.66
2019,2,industry,natural_gas,1613.79
2019,3,industry,natural_gas,1766.32
2019,4,industry,natural_gas,1673.95
2019,5,industry,natural_gas,1733.96
2019,6,industry,natural_gas,1673.68
2019,7,industry,natural_gas,1727.71
2019,8,industry,natural_gas,1767.2
2019,9,industry,natural_gas,1707.48
2019,10,industry,natural_gas,1619.14
2019,11,industry,natural_gas,1577.97
2019,12,industry,natural_gas,1625.64
2020,1,industry,natural_gas,1712.73
2020,2,industry,natural_gas,1559.44
2020,3,industry,natural_gas,1674.01
2020,4,industry,natural_gas,1429.78
2020,5,industry,natural_gas,1427.91
2020,6,industry,natural_gas,1382.55
2020,7,industry,natural_gas,1451.49
2020,8,industry,natural_gas,1493.41
2020,9,industry,natural_gas,1498.01
2020,10,industry,natural_gas,1584.11
2020,11,industry,natural_gas,1590.55
2020,12,industry,natural_gas,1536.96
2021,1,industry,natural_gas,1494.36
2021,2,industry,natural_gas,1465.63
2021,3,industry,natural_gas,1631.77
2021,4,industry,natural_gas,1579.17
2021,5,industry,natural_gas,1652.53
2021,6,industry,natural_gas,1626.98
2021,7,industry,natural_gas,1601.67
2021,8,industry,natural_gas,1564.6
2021,9,industry,natural_gas,1452.62
2021,10,industry,natural_gas,1547.99
2021,11,industry,natural_gas,1557.38
2021,12,industry,natural_gas,1576.14
2022,1,industry,natural_gas,1583.38
2022,2,industry,natural_gas,1458.29
2022,3,industry,natural_gas,1716.89
2022,4,industry,natural_gas,1701.85
2022,5,industry,natural_gas,1683.42
2022,6,industry,natural_gas,1684.92
2022,7,industry,natural_gas,1701.02
2022,8,industry,natural_gas,1764.82
2022,9,industry,natural_gas,1679.07
2022,10,industry,natural_gas,1612.04
2022,11,industry,natural_gas,1539.67
2022,12,industry,natural_gas,1553.15
